Id,Title, Artist, Year, Duo, Explicit, Date Added, Styles, Languages
53406,(That's What You Get) For Lovin' Me,Elvis Presley,1973,0,0,2017-07-11,"Rock \'n Roll,Pop",English
10283,(What a) Wonderful World,Art Garfunkel,1978,0,0,2017-02-22,Folk,English
38499,"(What\'s So Funny \'Bout) Peace, Love, and Understanding",Brinsley Schwarz,1974,0,0,2018-01-17,Rock,English
31761,(Whatever It Is) I\'m Against It,Groucho Marx,1932,0,0,2013-12-07,"TV & movie soundtrack,Oldies",English
25113,Ain't What It Used To Be,Megan Mullins,2006,0,0,2012-06-16,Country,English
25593,Baby (You've Got What It Takes),Michael Bubl\xc3\xa9,2009,1,0,2011-05-30,"Blues,Jazz,Duet",English
7118,Baby (You\'ve Got What It Takes),Brook Benton,1960,1,0,2017-02-09,"Rock'n Roll,Duet,Oldies",English
34024,"Baby, What You Want Me To Do",Elvis Presley,1968,0,0,2011-05-31,"Blues,Oldies,Rock \'n Roll",English
16939,Ball of Confusion (That's What the World Is Today),The Temptations,1970,0,0,2012-04-29,Soul,English
38910,Call It What You Want,Foster The People,2011,0,0,2013-12-03,"Alternative,Pop,Rock",English
30243,Call It What You Want,New Kids On The Block,1989,0,0,2011-06-28,"R&B,Pop",English
54630,Call It What You Want To,Taylor Swift,2017,0,0,2017-12-11,Pop,English
54259,Choose What You Love Most (Let It Kill You),Lara Fabian,2017,0,0,2017-11-08,Pop,English
14554,Come What May,Moulin Rouge!,2001,1,0,2008-05-05,"Duet,Musical,TV & movie soundtrack",English
53403,Come What May,Vicky L\xc3\xa9andros,1972,0,0,2017-06-19,Pop,English
50010,Danse ta vie (Flashdance ... What a Feeling),Vitaa,2015,1,0,2016-01-11,"French pop,Dance,Electro,Duet",French
11467,December '63 (Oh What A Night),The Four Seasons,1976,0,0,2008-08-27,"Pop,Disco",English
45467,Do What U Want,Lady Gaga,2013,1,1,2013-12-11,"80s,Pop,R&B,Duet",English
46281,Do What U Want (feat. Christina Aguilera),Lady Gaga,2014,1,1,2014-02-18,"80s,Pop,R&B,Duet",English
13523,Do What You Do,Jermaine Jackson,1984,0,0,2011-05-31,Soul,English
54087,"Do What You Do, Do Well",Michael English,2015,0,0,2017-10-11,Pop,English
39178,Do You Feel What I Feel?,JLS,2011,0,0,2016-02-25,"Dance,Pop,R&B",English
34462,Do You Hear What I Hear,Children's Chorus,1955,0,0,2011-05-30,"Christmas,Kids",English
26247,Do You Hear What I Hear?,Carrie Underwood,2008,0,0,2011-11-21,Christmas,English
54200,Do You Hear What I Hear?,Martina McBride,1998,0,0,2017-11-09,Christmas,Pop,English
6994,Do You Hear What I Hear?,Anne Murray,1988,0,0,2007-11-26,"Christmas,Pop",English
26584,Do You Hear What I Hear?,Frank Sinatra,1973,0,0,2011-05-30,"Christmas,Oldies,Christian",English
54316,Do You Hear What I Hear?,Whitney Houston,1987,0,0,2017-10-30,"Christmas,Soul,Pop,Christian",English
39212,Do You Hear What I Hear? (Woman Voice),1960s Standards,1962,0,0,2012-11-21,Christmas,English
33732,Do You Know What I Mean,Lee Michaels,1971,0,0,2011-05-31,Rock,English
39885,Do You Like What You See,Ivy Quainoo,2012,0,0,2012-07-31,"Pop,Soul",English
47973,Doin' What She Likes,Blake Shelton,2014,0,0,2018-04-20,Country,English
19089,Don't Tell Me What to Do,Pam Tillis,1990,0,0,2017-04-21,Country,English
37974,Down For Whatever,Ice Cube,1993,0,1,2012-07-16,Rap,English
38748,Down For Whatever,Kelly Rowland,2011,0,0,2013-03-07,"Dance,Pop,R&B",English
49684,Flashdance (What A Feeling),Glee,2012,0,0,2015-09-22,"Pop,TV & movie soundtrack,Musical,80s",English
10091,Flashdance...What A Feeling,Irene Cara,1983,0,0,2007-05-04,"TV & movie soundtrack,Pop,80s",English
54550,For What It's Worth,Liam Gallagher,2017,0,0,2017-11-29,"Pop,Rock",English
29293,Get What You Got Comin',Van Zant,2001,0,0,2012-05-25,"Country,Rock",English
35380,Give U What You Want (Fa Sure),Chico DeBarge,1999,0,0,2013-09-21,"R&B,Soul",English
35462,Guy What Takes His Time,Christina Aguilera,2010,0,0,2012-02-10,"Musical,TV & movie soundtrack,Blues,Jazz,Oldies",English
9040,Heaven\'s What I Feel,Gloria Estefan,1998,0,0,2018-05-09,"Pop,Soft rock,TV & movie soundtrack",English
10925,Honky Tonkin's What I Do Best,Marty Stuart,1996,1,0,2018-01-12,"Country,Duet",English
13664,I Am What I Am,Gloria Gaynor,1983,0,0,2011-05-30,"Pop,80s",English
33497,I Am What I Am,Shirley Bassey,1984,0,0,2011-08-10,"Musical,Classical",English
31109,I Am What I Am,La Cage aux Folles,1983,0,0,2011-08-16,Musical,English
32119,I Am What I Am,John Barrowman,2008,0,0,2011-08-17,"Pop,Classical",English
54021,I Am What I Am,Hermes House Band,2004,0,0,2017-09-20,"Pop,Disco,Dance",English
13666,I Am What I Am,Christophe Willem,2006,0,0,2011-05-30,"Disco,Pop,Rock",English
27787,I Am What I Am,Jonas Brothers,2006,0,0,2012-06-04,"Teen pop,Rock",English
22418,I Am What I Am (Single version),Gloria Gaynor,1983,0,0,2015-04-10,"Pop,80s",English
33061,I Did What I Did For Maria,Tony Christie,1971,0,0,2014-10-30,Pop,English
25253,I Don't Know What She Said,Blaine Larsen,2006,0,0,2011-09-23,Country,English
28796,I Just Don't Know What To Do With Myself,The White Stripes,2004,0,0,2011-10-21,"Rock,Alternative,Punk/Grunge",English
25017,I Just Don't Know What To Do With Myself,Dionne Warwick,1966,0,0,2011-11-25,"Pop,Soul",English
13953,I Just Don\'t Know What To Do With Myself,Dusty Springfield,1964,0,0,2011-05-31,"Soft rock,Folk",English
34048,I Know What Boys Like,Waitresses,1982,0,0,2012-04-04,"Pop,80s",English
14602,I Know What Love Is,C\xc3\xa9line Dion,2000,0,0,2011-05-31,Soft rock,English
50375,I Know What You Did Last Summer,Shawn Mendes,2015,1,0,2016-03-01,"Pop,Duet",English
6355,I Want To Know What Love Is,Foreigner,1984,0,0,2007-08-27,"Love,Pop,Soft rock",English
17842,I Want To Know What Love Is,Tina Arena,1997,0,0,2014-04-22,"Pop,Love",English
25412,I Want To Know What Love Is,Mariah Carey,2009,0,0,2012-06-27,"Pop,Soul,Love",English
35008,I Want To Know What Love Is,Rappers Against Racism,1998,0,0,2013-11-12,"Love,Rap",English
36193,I Wonder What Would Happen To The World,Harry Chapin,1978,0,0,2011-06-03,"Pop,Soul",English
6906,If You Know What I Mean,Neil Diamond,1976,0,0,2015-10-14,Soft rock,English
54808,It Is No Secret (What God Can Do) (With The Royal Philharmonic Orchestra),Elvis Presley,2017,0,0,2018-01-03,"Love,Gospel",English
44178,It Is What It Is,Kacey Musgraves,2013,0,0,2013-07-11,Country,English
25689,Jesus Oh What A Wonderful Child,Mariah Carey,1994,0,0,2011-05-30,"Christmas,Gospel,Christian",English
29164,Just Dropped In (To See What My Condition Was In),Kenny Rogers And The First Edition,1968,0,0,2012-02-07,Rock,English
12398,Life\'s What You Make It,Hannah Montana,2007,0,0,2015-04-16,"Teen pop,Rock,TV & movie soundtrack",English
45112,Listen to What the Man Said,Paul McCartney,1975,0,0,2013-10-08,Soft rock,English
38255,Loca People (What the Fuck),Sak Noel,2011,0,1,2013-04-25,"Electro,Dance","English,Spanish"
54013,Look What You Made Me Do,Taylor Swift,2017,0,0,2017-09-14,"Pop,Dance,Electro",English
54150,Look What You Made Me Do,Postmodern Jukebox,2017,0,0,2017-10-23,"Jazz,Pop",English
15712,Look What You've Done,Jet,2003,0,0,2011-12-30,"Pop,Love",English
34055,Look What You've Done For Me,Al Green,1972,0,0,2012-06-28,"Soul,Pop",English
40754,Look What You've Done To Me,Boz Scaggs,1980,0,0,2012-07-12,Soul,English
30884,Money (That's What I Want),Barrett Strong,1959,0,0,2011-06-01,Rock 'n Roll,English
21466,Money (That\'s What I Want),The Beatles,1963,0,0,2011-05-30,"Rock \'n Roll,Rock",English
27625,Ms. What's Her Name,Single Tree,2009,0,0,2012-05-23,Country,English
42884,My Songs Know What You Did In The Dark,Fall Out Boy,2013,0,0,2013-02-19,"Rock,Punk/Grunge",English
55565,Nice for What,Drake,2018,0,1,2018-06-22,Rap,English
8702,No Matter What,Boyzone,1998,0,0,2011-05-30,"Teen pop,Pop,Love",English
25800,Nobody Gonna Tell Me What To Do,Van Zant,2006,0,0,2012-06-07,"Country",English
20630,Oh What A Beautiful Morning,Oklahoma!,1943,0,0,2011-06-28,Musical,English
11488,Oh What A Thrill,The Mavericks,2001,0,0,2012-01-18,Country,English
7665,"Oh, What A Night",The Dells,1956,0,0,2017-08-31,"Soul,Love",English
21663,Over The Rainbow / What A Wonderful World,Israel Kamakawiwo\'ole,1993,0,0,2011-05-30,"World/Folk,Zouk/Creole,TV & movie soundtrack",English
29651,Over The Rainbow / What A Wonderful World,Aselin Debison,2002,0,0,2011-05-31,"Soft rock,Pop",English
40664,"Please, Please, Please Let Me Get What I Want",The Smiths,1984,0,0,2014-03-27,"Alternative,Rock",English
39204,"Please, Please, Please Let Me Get What I Want",Slow Moving Millie,2011,0,0,2014-03-27,"Alternative,Pop",English
22219,Powerless (Say What You Want),Nelly Furtado,2003,0,0,2011-05-31,"Pop,Folk",English
12989,Practice What You Preach,Barry White,1994,0,0,2011-09-23,"Soul,Love",English
10100,"Que Sera, Sera (Whatever Will Be, Will Be)",Doris Day,1956,0,0,2007-05-04,"Pop,TV & movie soundtrack",English
40183,Say What I Feel,The Overtones,2011,0,0,2012-06-01,"Pop,Oldies",English
12999,Say What You Want,Texas,1997,0,0,2015-03-08,"Pop,Rock",English
35803,See What Love Can Do,Eric Clapton,1985,0,0,2012-02-07,Rock,English
36500,Shoop / Whatta Man / My Lovin' (You're Never Gonna Get It),The Dan Band,2005,0,0,2013-07-24,"Humour,Funk,Pop,R&B",English
42659,Shut Up (And Give Me Whatever You Got),Amelia Lily,2013,0,0,2013-02-08,"Dance,Pop",English
20654,So What,Pink,2008,0,0,2011-05-30,"Rock,Pop",English
5349,So What The Fuss,Stevie Wonder,2005,0,0,2016-06-30,"Funk,Soul",English
39180,So What?,Anti-Nowhere League,1981,0,1,2013-03-05,"Punk/Grunge,Humour,Rock",English
53293,Somewhere Over the Rainbow / What a Wonderful World,Cliff Richard,2001,0,0,2017-06-28,Pop,English
39638,Stronger (What Doesn't Kill You),Kelly Clarkson,2011,0,0,2012-03-23,"Pop,Rock",English
42866,Stronger (What Doesn't Kill You) (Acoustic),Kelly Clarkson,2011,0,0,2013-02-17,"Pop,Rock",English
51232,Tell Me What He Said,Helen Shapiro,1962,0,0,2016-07-22,"Rock \'n Roll,Pop,Oldies",English
21578,Tell Me What You See,The Beatles,1965,0,0,2013-12-06,Pop,English
30143,Tell Me What You Want Me to Do,Tevin Campbell,1991,0,0,2011-05-31,"Soft rock,Soul",English
14509,That's What Angels Do,Lila McCann,2008,0,0,2015-07-09,Country,English
13947,That's What Friends Are For,Dionne Warwick,1985,1,0,2011-11-28,"Pop,Soul,Love,Duet",English
36087,That's What Friends Are For,Children's Chorus,2005,0,0,2013-06-04,Kids,English
52184,That's What I Like,Bruno Mars,2016,0,0,2017-01-11,"R&B,Soul",English
28857,That's What I Like,Jive Bunny And The Mastermixers,1989,0,0,2017-05-22,Rock 'n Roll,English
18398,That's What I Like About You,Trisha Yearwood,1991,0,0,2018-02-22,Country,English
11542,That's What I Love About Sunday,Craig Morgan,2005,0,0,2011-12-26,Country,English
54492,That's What I Want for Christmas,Nancy Wilson,1963,0,0,2017-11-13,"Christmas,Jazz",English
8479,That's What It's All About,Brooks & Dunn,2004,0,0,2012-01-12,Country,English
34407,That's What Love Can Do,Boy Krazy,1994,0,0,2012-03-15,Pop,English
33804,That's What Love Will Do,Joe Brown,1963,0,0,2017-09-05,Rock 'n Roll,English
41381,That's What They Said About The Buffalo,Michael Peterson,1997,0,0,2012-09-18,Country,English
48026,The Heart Wants What It Wants,Selena Gomez,2014,0,0,2014-12-03,"Pop,Electro",English
43524,This Is What It Feels Like,Armin Van Buuren,2013,0,0,2013-05-20,Pop,Electro,English
40187,This Is What Makes Us Girls,Lana Del Rey,2012,0,0,2012-05-25,"Alternative,Pop",English
31050,This Is What You Are,Mario Biondi,2006,0,0,2011-05-31,"Soul,Jazz",English
51251,This Is What You Came For,Calvin Harris,2016,0,0,2016-06-24,"Pop,Dance,Electro",English
52276,This Is What You Came For,Boyce Avenue,2016,0,0,2017-01-20,"Pop,Folk",English
46691,Turn Down For What,DJ Snake,2013,0,0,2015-06-10,Electro,English
42278,Watch What Happens,Newsies,2012,0,0,2015-04-08,Musical,English
50570,Watch What Happens,Natalie Cole,2011,1,0,2016-03-03,"Jazz,Duet",English
7214,What A Beautiful Day,Chris Cagle,2003,0,0,2012-01-30,Country,English
13649,What a Beautiful Day,The Levellers,1997,0,0,2018-05-02,Rock,English
42379,What A Buzz,Olly Murs,2012,0,0,2013-02-18,Pop,English
6726,What a Diff'rence a Day Makes!,Dinah Washington,1959,0,0,2012-10-12,Pop,English
30225,What A Difference A Day Made,Jamie Cullum,2008,0,0,2011-08-23,"Jazz,Pop",English
20971,What A Difference A Day Makes,Esther Phillips,1975,0,0,2012-08-15,"Disco,Soul",English
54606,What A Difference A Day Makes,Dean Martin,1962,0,0,2018-01-02,"Love,Pop",English
49209,What A Difference A Day Makes,Renee Olstead,2004,0,0,2015-05-26,"Jazz,Soul",English
31005,What A Difference A Day Makes,Bobby Darin,1964,0,0,2015-09-07,"Jazz,Love",English
53958,What A Difference A Day Makes,Randy Crawford,1995,0,0,2017-09-26,"Jazz,Soul",English
33091,What A Dog / He\'s A Tramp,Lady And The Tramp,1955,0,0,2015-08-28,"TV & movie soundtrack,Jazz",English
37348,What A Feeling,Alex Gaudino,2011,0,0,2012-01-10,"Dance,Electro",English
37172,What a Fool Believes,The Doobie Brothers,1978,0,0,2012-08-23,"Funk,Soul,Pop",English
14901,What A Friend We Have In Jesus,Alan Jackson,2006,0,0,2012-01-13,"Country,Christian",English
8823,What A Girl Wants,Christina Aguilera,1999,0,0,2011-09-23,"Teen pop,Pop",English
50939,What a Man,Linda Lyndell,1968,0,0,2016-03-30,Soul,English
43676,What A Night,Loveable Rogues,2013,0,0,2016-02-25,Pop,English
22659,What A Woman Wants,Julia Burton,2008,0,0,2012-05-21,Country,English
6187,What A Wonderful World,Louis Armstrong,1968,0,0,2007-05-29,"Pop,Oldies",English
18517,What A Wonderful World,Michael Bubl\xc3\xa9,2001,0,0,2011-05-31,"Pop,Jazz",English
14202,What A Wonderful World,Katie Melua,2007,1,0,2011-11-03,"Jazz,Duet",English
30095,What A Wonderful World,Stacey Kent,2007,0,0,2011-05-31,"Jazz,Pop",English
32161,What A Wonderful World,C\xc3\xa9line Dion,2005,0,0,2011-05-31,"Pop,Soft rock",English
29740,What A Wonderful World,Rod Stewart,2004,0,0,2011-05-31,"Jazz,Pop",English
25731,What a Wonderful World,Eva Cassidy,2004,0,0,2018-06-09,"Soul,Love,Soft rock",English
27093,What A Wonderful World,Renee Olstead,2000,0,0,2011-05-30,"Jazz,Pop",English
21731,What A Wonderful World (duet),Louis Armstrong,1999,1,0,2011-05-30,"Jazz,Duet",English
26940,What A Wonderful World (Salsa Version),Michell,2008,0,0,2011-05-30,Latin,English
30224,What About Love,Heart,1985,0,0,2012-01-20,"Rock,Love",English
44755,What About Love,Austin Mahone,2013,0,0,2013-08-24,"Teen pop,Pop",English
51320,What About Me,Moving Pictures,1981,0,0,2016-07-19,"Soft rock,Pop",English
18650,What About Now,Chris Daughtry,2006,0,0,2012-10-12,"Pop,Soft rock",English
25738,What About Now,Westlife,2009,0,0,2011-05-30,"Teen pop,Pop,R&B",English
7409,What About Now,Lonestar,2000,0,0,2018-05-22,Country,English
53954,What About Us,Pink,2017,0,0,2017-09-14,Pop,English
29125,What About Us,Ministry,2001,0,1,2012-06-01,"Hard/Metal,Rock",English
42667,What About Us,The Saturdays,2012,0,0,2016-02-25,"Pop,Electro,Dance",English
34207,What About Us,Total,1997,0,0,2014-11-27,R&B,English
31187,What About Your Friends?,TLC,1992,0,0,2013-12-04,R&B,English
5273,What Am I To You,Norah Jones,2004,0,0,2013-01-30,"Soft rock,Pop",English
42732,What Am I To You (Short),Norah Jones,2002,0,0,2013-02-05,"Jazz,Pop",English
37278,What Are Words,Chris Medina,2011,0,0,2011-11-22,Pop,English
7550,What Are You Doing New Year's Eve,Nancy Wilson,1965,0,0,2014-09-22,"Soul,Jazz,Christmas",English
28649,What Are You Doing New Year's Eve,1940s Standards,1947,0,0,2011-12-09,"Love,Jazz,Christmas",English
54129,What Are You Doing New Year's Eve?,Bette Midler,2005,0,0,2017-10-18,"Christmas,Jazz",English
54234,What Are You Doing New Year's Eve?,Idina Menzel,2014,0,0,2017-11-10,"Christmas,Jazz",English
18960,What Are You Doing The Rest Of Your Life?,Michel Legrand,1969,0,0,2014-10-17,"TV & movie soundtrack,Jazz,Musical",English
50776,What Are You Listening To,Chris Stapleton,2013,0,0,2016-04-14,"Country,Rock",English
47479,What Are You Waiting For?,The Saturdays,2014,0,0,2016-02-25,"Dance,Teen pop,Pop",English
6396,What Becomes Of The Broken Hearted,Paul Young,1992,0,0,2011-09-09,Pop,English
18213,What Becomes Of The Brokenhearted,Jimmy Ruffin,1966,0,0,2012-03-11,Soul,English
21370,What Can I Do,The Corrs,1998,0,0,2014-10-29,"Pop,Love",English
51197,What Can I Do,Smokie,1976,0,0,2016-06-05,"Pop,Rock,Soft rock",English
21371,What Can I Do (Tin Tin Out Remix),The Corrs,1998,0,0,2017-11-06,"Pop,Love",English
26575,What Can I Say,Carrie Underwood,2009,1,0,2011-05-30,"Duet,Country",English
35624,What Can I Say After I Say I'm Sorry,1920s Standards,1926,0,0,2011-06-03,"Oldies,Jazz",English
39728,What Cha' Gonna Do For Me,Chaka Khan,1981,0,0,2012-07-19,"Funk,Soul",English
26915,What Child Is This,Christmas Carol,1865,0,0,2011-05-30,"Christmas,Christian,Traditional",English
39064,What Child Is This,Carrie Underwood,2007,0,0,2011-12-27,Christmas,English
54279,What Child Is This? (Greensleeves),Sarah McLachlan,2006,0,0,2017-10-30,"Christmas,Folk",English
45476,What Christmas Means to Me,Stevie Wonder,1967,0,0,2013-11-27,"Christmas,Soul,Christian",English
32157,What Colour Is The Wind,Charlie Landsborough,1994,0,0,2018-06-01,"Folk,Country",English
49211,What Colour Is The Wind,Mike Denver,2011,0,0,2015-06-18,Country,English
24026,What Comes Naturally,Sheena Easton,1991,0,0,2013-12-04,"Pop,Funk,Dance",English
53389,What Comes Next?,Hamilton,2015,0,0,2017-06-30,"Pop,Musical",English
42072,What Could Have Been Love,Aerosmith,2012,0,0,2012-11-23,Rock,English
32668,What Difference Does It Make?,The Smiths,1984,0,0,2017-01-30,"Rock,Alternative",English
21146,What Do I Have To Do?,Kylie Minogue,1991,0,0,2012-08-15,"Pop,Dance",English
52824,What Do I Know?,Ed Sheeran,2017,0,0,2017-04-04,Pop,English
25945,What Do Ya Think About That,Montgomery Gentry,2007,0,0,2012-02-22,Country,English
25819,What Do You Do,The Troys,2003,0,0,2012-06-07,"Pop,Rock",English
7711,What Do You Know About Love?,Dwight Yoakam,2000,0,0,2012-03-20,Country,English
49767,What Do You Mean?,Justin Bieber,2015,0,0,2015-10-30,"Pop,Dance,Electro",English
34831,What Do You Want From Me?,Take That,2010,0,0,2012-01-30,"Pop,Soft rock",English
18069,What Do You Want From Me?,Cascada,2008,0,0,2011-05-31,"Dance,Pop",English
32219,What Do You Want to Make Those Eyes at Me For?,Emile Ford,1959,0,0,2016-11-14,Rock 'n Roll,English
33286,What Do You Want To Make Those Eyes At Me For?,Shakin' Stevens,1987,0,0,2012-01-27,Rock 'n Roll,English
35860,What Does It Take,Honeymoon Suite,1986,0,0,2012-01-22,Rock,English
52537,What Does It Take (To Win Your Love),Junior Walker & the All Stars,1968,0,0,2017-02-16,Soul,English
25431,What Dreams Are Made Of,Hilary Duff,2003,0,0,2015-11-23,"TV & movie soundtrack,Dance,Teen pop",English
25401,What Dreams Are Made Of (Ballad Version),Hilary Duff,2003,0,0,2016-08-25,"TV & movie soundtrack,Teen pop",English
39474,What Goes On,The Velvet Underground,1968,0,0,2013-07-26,"Alternative,Rock",English
25820,What Happened,Gretchen Wilson,2005,0,0,2012-06-01,Soft rock,English
48630,What Happened To Your Band,McBusted,2014,0,0,2015-03-25,"Pop,Rock",English
40122,What Happiness Means To Me,Amy Macdonald,2010,0,0,2012-05-25,"Pop,Rock,Folk",English
30682,What Have You Done,Within Temptation,2007,0,0,2011-05-31,"Hard/Metal",English
40104,What Have You Got Planned Tonight Diana,Merle Haggard,1976,0,0,2016-08-08,Country,English
17527,What Hurts The Most,Rascal Flatts,2005,0,0,2011-05-31,"Soft rock,Country",English
14145,What Hurts The Most,Cascada,2007,0,0,2008-08-22,"Dance,Pop",English
43385,What Hurts The Most,Boyce Avenue,2008,0,0,2013-05-01,"Soft rock,Pop",English
26644,What I Am,Edie Brickell,1988,0,0,2012-01-25,"Pop,Rock",English
53065,What I Can't Put Down,Jon Pardi,2014,0,0,2017-05-23,"Country,Rock",English
24652,What I Cannot Change,LeAnn Rimes,2008,0,0,2011-11-09,"Soft rock,Country",English
30052,What I Did for Love,A Chorus Line,1985,0,0,2018-09-03,"TV & movie soundtrack,Musical",English
49093,What I Did For Love,Josh Groban,2015,0,0,2015-05-26,"Pop,Soft rock,Love,Musical",English
34427,What I Did for Love,Glee,2010,0,0,2011-05-30,"TV & movie soundtrack,Musical,Pop",English
48524,What I Did For Love,David Guetta,2014,0,0,2015-02-13,"Pop,Dance,Electro",English
24361,What I Did Last Night,Catherine Britt,2007,0,0,2012-06-01,Country,English
12583,What I Go To School For,Busted,2002,0,0,2011-05-31,"Teen pop,Rock",English
48474,What I Got,Sublime,1996,0,1,2015-02-13,"Alternative,Rock,Ska,Punk/Grunge,Rap",English
50431,What I Like About You,The Romantics,1979,0,0,2016-01-26,"Rock,Pop",English
50428,What I like About You,5 Seconds of Summer,2014,0,0,2016-02-09,"Teen pop,Pop,Rock",English
28754,What I Like About You,Lillix,2003,0,0,2011-11-28,"Rock,Teen pop",English
18016,What I Like About You (Live),The Romantics,1980,0,0,2012-09-11,Rock,English
35126,What I Meant To Say,Donny Osmond,2005,0,0,2012-01-11,"Love,Pop",English
45173,What I Might Do,Ben Pearce,2012,0,0,2016-02-25,"Alternative,Electro",English
16381,What I Miss About You,Katie Melua,2008,0,0,2012-01-22,Pop,English
33998,What I Need,Ray J,2006,0,0,2013-12-15,"Rap,R&B",English
50141,What I Never Knew I Always Wanted,Carrie Underwood,2015,0,0,2016-04-28,"Pop,Country,Folk",English
14434,What I Want,Bob Sinclar,2007,0,0,2011-05-31,"Electro,Dance",English
29214,What I'd Give,Sugarland,2008,0,0,2011-05-31,Soft rock,English
44207,What I\'d Say,Vigon Bamy Jay,2013,0,0,2013-07-25,"Soul,Rock \'n Roll",English
23710,What I'm For,Pat Green,2009,0,0,2011-05-31,Country,English
33313,What I\'ve Been Looking For,High School Musical,2006,0,0,2018-04-13,"TV & movie soundtrack,Musical",English
25352,What I've Been Waiting For,Brian McKnight,2009,0,0,2013-12-07,R&B,English
25106,What I've Got In Mind,Billie Jo Spears,1976,0,0,2017-09-20,Country,English
21937,What If,Kate Winslet,2001,0,0,2011-05-31,"Christmas,TV & movie soundtrack,Soft rock,Love",English
31891,What If,Jason Derulo,2010,0,0,2016-02-25,"Pop,Soft rock,R&B",English
27957,What If Cartoons Got Saved,Chris Rice,2003,0,0,2011-05-30,"Country,Pop,Christian",English
48810,What If I,Meghan Trainor,2015,0,0,2015-03-25,"Pop,R&B,Soul",English
24966,What If It All Goes Right,Melissa Lawson,2008,0,0,2011-05-30,"Pop,Country",English
53355,What Ifs,Kane Brown,2016,0,0,2017-07-17,"Country,Pop",English
41376,What Is Hip?,Tower Of Power,1973,0,0,2013-07-17,"Funk,Soul",English
45998,What Is Life,George Harrison,1971,0,0,2014-02-20,"Rock,Pop",English
19903,What Is Love,Haddaway,1992,0,0,2011-12-14,Dance,English
52348,What Is Love,Lost Frequencies,2016,0,0,2017-01-19,"Dance,Electro,Pop",English
55454,What is Love,Postmodern Jukebox,2017,0,0,2018-05-18,"Jazz,Soul,Love",English
47710,What Is Love,Kiesza,2014,0,0,2014-10-07,Pop,English
25274,What Is Love 2k9,Haddaway,2009,0,0,2015-07-28,"Dance,Electro",English
36717,What Is Love?,Howard Jones,1983,0,0,2015-08-25,80s,English
11968,What Is This Feeling?,Wicked,2003,1,0,2008-05-29,"Musical,Duet",English
17793,What Is This Thing Called Love?,Frank Sinatra,1953,0,0,2011-05-31,"Jazz,Traditional",English
16799,What It Takes,Aerosmith,1989,0,0,2015-05-01,"Rock,Hard/Metal",English
8514,What It's Like,Everlast,1990,0,1,2011-11-19,"Pop,Rock",English
25900,What Kind of Fool Am I,Sammy Davis Jr.,1962,0,0,2011-10-08,"Jazz,Pop,Musical",English
25743,What Kinda Gone,Chris Cagle,2007,0,0,2012-03-05,Country,English
44451,What Love is Made Of,Katy B,2013,0,0,2016-02-25,"Dance,Electro",English
54135,What Lovers Do,Maroon 5,2017,0,0,2017-10-25,Pop,"Dance,Electro",English
25821,What Made You Say That,Shania Twain,1993,0,0,2013-12-01,"Country,Soft rock",English
44118,What Makes A Man,Westlife,2000,0,0,2013-07-01,Pop,English
38104,What Makes You Beautiful,One Direction,2011,0,0,2011-09-21,"Teen pop,Pop",English
38754,What Makes You Beautiful,Boyce Avenue,2011,0,0,2011-12-10,"Pop,Soft rock,Folk",English
54839,What Makes You Country,Luke Bryan,2017,0,0,2018-01-11,Country,Rock,English
41877,What My Woman Can't Do,George Jones,1973,0,0,2012-11-19,Country,English
8303,What Now My Love,Frank Sinatra,1966,0,0,2011-05-31,Jazz,English
7059,What Now My Love,Elvis Presley,1973,0,0,2011-05-30,Rock,English
42325,What Now My Love,Shirley Bassey,1962,0,0,2016-06-07,"Pop,Jazz",English
27291,What Now My Love (With Aretha Franklin),Frank Sinatra,1966,1,0,2017-08-01,"Jazz,Duet",English
50683,"What Now, My Love? (with the Royal Philharmonic Orchestra)",Elvis Presley,2015,0,0,2016-03-21,Pop,English
6763,What Part Of No,Lorrie Morgan,1992,0,0,2012-05-03,Country,English
7002,What She\'s Doing Now,Garth Brooks,1991,0,0,2018-06-25,"Country,Soft rock",English
10247,What The Cowgirls Do,Vince Gill,1994,0,0,2016-07-22,Country,English
35829,What The Hell,Avril Lavigne,2011,0,0,2011-05-30,"Teen pop,Rock,Pop",English
38154,What The Water Gave Me,Florence + The Machine,2011,0,0,2013-04-30,"Pop,Alternative",English
6253,What The World Needs,Wynonna Judd,2003,0,0,2011-10-08,Country,English
12406,What Time Is It?,High School Musical 2,2007,0,0,2015-04-16,"TV & movie soundtrack,Pop",English
6238,What Was I Thinkin',Dierks Bentley,2003,0,0,2011-12-10,Country,English
48201,What We Ain't Got,Jake Owen,2014,0,0,2014-12-26,Country,English
53870,What Would Brian Boitano Do?,South Park,1999,0,0,2017-09-01,"TV & movie soundtrack,Humour,Musical",English
15370,What Would You Do,City High,2001,0,0,2018-07-13,"R&B,Rap",English
35414,What Would You Do For Love,Jonathan Butler,1999,0,0,2013-12-04,Pop,English
22759,What Would You Say,Trailer Choir,2009,0,0,2012-04-02,Country,English
15011,What You Are,Audioslave,2004,0,0,2013-07-01,"Rock,Alternative",English
49220,What You Get Is What You See,Lisa McHugh,2014,0,0,2015-06-22,Country,English
24626,What You Give Away,Vince Gill,2007,1,0,2013-12-03,"Country,Duet",English
18014,What You Need,INXS,1985,0,0,2014-07-15,"Pop,Rock,80s",English
19232,What You Own,Rent,1996,0,0,2013-04-09,Musical,English
35064,What You Want,Mase,1998,0,0,2013-12-03,"R&B,Rap",English
42861,What You Want,Legally Blonde,2006,0,0,2013-07-24,"Musical,TV & movie soundtrack,Pop",English
37935,What You Want,Evanescence,2011,0,0,2013-06-05,"Hard/Metal,Rock,Alternative",English
6849,What You Won't Do For Love,Bobby Caldwell,1978,0,0,2011-10-20,"Soul,Pop",English
36169,What You Won't Do For Love,Go West,1992,0,0,2011-07-09,Soul,English
21568,What You're Doing,The Beatles,1964,0,0,2011-05-31,Rock 'n Roll,English
6248,What You\'re Made Of (M\xc3\xaame si),Lucie Silvas,2006,1,0,2011-05-30,"Pop,French pop,Duet","English,French"
31867,What You're Proposing,Status Quo,1980,0,0,2014-11-27,"Rock,Pop",English
46783,What'cha Gonna Do,Eternal,1999,0,0,2014-05-13,"R&B,Soul",English
54416,What'd I Miss,Hamilton,2015,0,0,2018-01-25,"Musical,Rap,Pop",English
13979,What'd I Say,Ray Charles,1963,0,0,2011-05-31,"Soul,Gospel",English
10850,What\'d I Say,Elvis Presley,1964,0,0,2017-02-27,"Rock \'n Roll,TV & movie soundtrack",English
18657,What'll I Do,Linda Ronstadt,1983,0,0,2015-04-08,"Jazz,Love",English
49118,What\'ll Keep Me Out Of Heaven,Brandy Clark,2013,0,0,2015-05-31,"Country,Soft rock",English
39517,What's A Girl To Do,Bat For Lashes,2007,0,0,2012-03-15,Alternative,English
16340,What's A Guy Gotta Do,Joe Nichols,2005,0,0,2018-01-08,Country,English
16921,What's A Woman?,Vaya Con Dios,1990,0,0,2011-05-31,"Soul,Love",English
30148,What's Easy For Two Is So Hard For One,Mary Wells,1964,0,0,2011-05-31,"Oldies,Soul",English
30332,What's Forever For,Michael Martin Murphey,1982,0,0,2011-11-25,Soft rock,English
10202,What's Going On,Marvin Gaye,1971,0,0,2007-07-31,Soul,English
44945,What's Going On,Donny Hathaway,1972,0,0,2013-10-08,"Soul,Jazz",English
50926,What's Going On,Seal,2011,0,0,2016-04-05,"Pop,Soul",English
25223,What's Going On,Taste,1970,0,0,2012-06-13,Rock,English
8050,What's Going On?,All Star Tribute,2001,0,0,2013-11-12,R&B,English
35166,What's It Gonna Be,Busta Rhymes,1999,0,0,2013-12-07,"R&B,Rap",English
11590,What's Left Of Me,Nick Lachey,2006,0,0,2011-05-31,"Pop,Rock",English
36851,What's Left Of The Flag,Flogging Molly,2002,0,0,2011-07-16,"Celtic,Punk/Grunge",English
13766,What's Love Got To Do With It,Tina Turner,1984,0,0,2011-05-31,"Pop,Love",English
34425,What's Love Got To Do With It,Warren G,1996,0,0,2012-01-18,"Rap,Pop",English
8698,What's My Age Again?,Blink-182,1999,0,1,2015-09-24,"Punk/Grunge,Pop,Rock",English
34911,What's My Name,Rihanna,2010,0,0,2011-05-30,R&B,English
39390,What's My Scene?,Hoodoo Gurus,1987,0,0,2013-01-23,"Rock,Alternative",English
6727,What's New Pussycat?,Tom Jones,1967,0,0,2013-02-21,"Pop,Oldies",English
34869,What's On Tonight,Montell Jordan,1997,0,0,2014-05-30,"R&B,Rap",English
34320,What\'s This?,The Nightmare Before Christmas,1993,0,0,2011-05-31,"TV & movie soundtrack,Christmas,Musical",English
41853,"What\'s Up, Duloc?",Shrek,2008,0,0,2013-03-01,Musical,English
24815,What's Your Name,Lynyrd Skynyrd,1977,0,0,2011-05-31,Rock,English
27563,Whataya Want From Me,Adam Lambert,2009,0,0,2011-05-30,"Pop,Rock",English
35176,Whataya Want From Me (Acoustic),Adam Lambert,2010,0,0,2011-05-30,"Folk,Pop",English
6331,Whatcha Gonna Do?,Pablo Cruise,1977,0,0,2018-05-14,"Funk,Rock",English
41464,Whatcha Reckon,Josh Turner,2012,0,0,2012-09-18,Country,English
24695,Whatcha Say,Jason Derulo,2009,0,0,2011-05-30,R&B,English
6843,Whatcha See Is Whatcha Get,The Dramatics,1971,0,0,2018-05-04,"Soul,Funk",English
53282,Whatchugot,Caro Emerald,2017,0,0,2017-07-10,Pop,English
44800,Whatever,Cro,2013,0,0,2014-05-05,"Pop,Rap",German
18275,Whatever Gets You Thru The Night,John Lennon,1974,0,0,2012-05-17,Rock,English
23732,Whatever Happened to Saturday Night?,The Rocky Horror Show,1970,0,0,2011-05-30,"Musical,TV & movie soundtrack,Rock \'n Roll",English
22657,Whatever It Is,Zac Brown Band,2009,0,0,2011-05-30,"Soft rock,Country",English
53170,Whatever It Takes,Imagine Dragons,2017,0,0,2017-06-06,Pop,English
26941,Whatever It Takes,Michael Bubl\xc3\xa9,2009,1,0,2011-05-30,"Soft rock,Jazz,Duet",English
19916,Whatever It Takes,Lifehouse,2007,0,0,2011-05-30,"Pop,Rock",English
19221,Whatever Lola Wants (Lola Gets),Sarah Vaughan,1954,0,0,2011-11-29,"Jazz,Oldies",English
25639,"Whatever Lola Wants, Lola Gets",Damn Yankees (musical),1955,0,0,2011-05-30,Musical,English
28182,Whatever She Wants,Jars Of Clay,2003,0,0,2012-09-17,Rock,English
36220,Whatever U Want,Tony! Toni! Ton\xc3\xa9!,1992,0,0,2011-10-19,"Soul,R&B",English
44789,Whatever We Imagine,James Ingram,1982,0,0,2016-07-22,"Love,Soul,Pop",English
18393,Whatever You Do! Don't!,Shania Twain,1998,0,0,2016-06-17,"Country,Pop,Rock",English
20754,Whatever You Like,T.I.,2008,0,0,2018-06-15,Rap,English
31440,Whatever You Need,Tina Turner,2000,0,0,2011-05-30,"Rock,Soul",English
13767,Whatever You Want,Status Quo,1979,0,0,2012-02-01,Rock,English
54567,Whatever You Want,Pink,2017,0,0,2017-12-06,Pop,English
30714,Whatever You Want,Tina Turner,1996,0,0,2011-05-31,"Pop,Rock",English
11387,Whatta Man,En Vogue,1993,1,0,2012-02-07,"Rap,R&B,Duet",English
13764,Who Am I? (What's My Name),Snoop Dogg,1993,0,0,2017-06-16,Rap,English
44557,Who Is He (And What Is He To You),Bill Withers,1972,0,0,2013-08-02,Soul,English
33771,You Can't Always Get What You Want,The Rolling Stones,1969,0,0,2011-11-22,Rock,English
39933,You Can't Get What You Want (Till You Know What You Want),Joe Jackson,1984,0,0,2013-05-13,"Pop,Jazz,Soul",English
29849,You Don't Know What It's Like,Econoline Crush,2001,0,0,2014-01-18,"Alternative,Rock,Punk/Grunge",English
43104,You Don't Know What Love Is,George Benson,1989,0,0,2013-05-21,"Soul,Jazz",English
12855,You Don't Know What Love Is (You Just Do as You're Told),The White Stripes,2007,0,0,2013-03-15,"Rock,Punk/Grunge,Alternative",English
9340,You Get What You Give,The New Radicals,1996,0,0,2011-05-31,Rock,English
30970,You Got What It Takes,Showaddywaddy,1977,0,0,2018-01-03,Rock 'n Roll,English
46351,You Know What They Do To Guys Like Us In Prison,My Chemical Romance,2004,0,0,2014-02-25,"Alternative,Rock,Punk/Grunge",English
30837,You Know What's Up,Donell Jones,1999,0,0,2011-12-04,R&B,English
0000,Ain\'t What It Used To Be,"Mullins, Megan",Year, Duo, Explicit, Date Added, Styles, Languages
0000,"Whatmore, Sarah",Year, Duo, Explicit, Date Added, Styles, Languages
0000,Call It What You Want,Artist, Year, Duo, Explicit, Date Added, Styles, Languages
0000,Calling All Hearts,Foster The People,Year, Duo, Explicit, Date Added, Styles, Languages
0000,Come Back To What You Embrace, Artist, Year, Duo, Explicit, Date Added, Styles, Languages
0000,Come What May,"Duets/Kidman, Nicole &", Year, Duo, Explicit, Date Added, Styles, Languages
0000,Do What You Gotta Do,Garth Brooks,Year, Duo, Explicit, Date Added, Styles, Languages
0000,Do What You Have To Do,Sarah McLachlan, Year, Duo, Explicit, Date Added, Styles, Languages
0000,Do You Feel What I Feel,JLS,Year, Duo, Explicit, Date Added, Styles, Languages
0000,Do You Hear What I Hear,Christmas,Year, Duo, Explicit, Date Added, Styles, Languages
0000,Do You Know (What It,Robyn,Year, Duo, Explicit, Date Added, Styles, Languages
0000,Salt 'N Pepa, Do You Know What I,Year, Duo, Explicit, Date Added, Styles, Languages
0000,Know What Time It Is,Lee Michaels, Year, Duo, Explicit, Date Added, Styles, Languages
0000,Doin' What Comes,Dinah Shore, Year, Duo, Explicit, Date Added, Styles, Languages
0000,Doin' What She Likes, Blake Shelton, Year, Duo, Explicit, Date Added, Styles, Languages
0000,Don't Know What You, Cinderella, Year, Duo, Explicit, Date Added, Styles, Languages
0000,Don't Tell Me What To Do, Pam Tilius, Year, Duo, Explicit, Date Added, Styles, Languages
0000,Don't You Know What, Steve Winwood,Year, Duo, Explicit, Date Added, Styles, Languages
0000,Finish What We Started,Diamond Rio, Year, Duo, Explicit, Date Added, Styles, Languages
0000,Finish What Ya Started,Van Halen,Year, Duo, Explicit, Date Added, Styles, Languages
0000,For What It's Worth,Buffalo Springfield,Year, Duo, Explicit, Date Added, Styles, Languages
0000,Hey Whatever,Westlife,Year, Duo, Explicit, Date Added, Styles, Languages
0000,I Always Get What I Want,Pussycat Dolls,Year, Duo, Explicit, Date Added, Styles, Languages
0000,I Am What I Am, Musical/La Cage Aux, Year, Duo, Explicit, Date Added, Styles, Languages
0000,I Did What I Did For,Tony Christie,Year, Duo, Explicit, Date Added, Styles, Languages
0000,I Know What Boys Like, The Waitresses, Year, Duo, Explicit, Date Added, Styles, Languages
0000,I Know What You Did,Shawn & Camila Mendes, Year, Duo, Explicit, Date Added, Styles, Languages
0000,I Know What You Want, Busta Rhymes & M., Year, Duo, Explicit, Date Added, Styles, Languages
0000,What I'm Looking For,Artist, Year, Duo, Explicit, Date Added, Styles, Languages
0000,I Want You With Me,Artist, Year, Duo, Explicit, Date Added, Styles, Languages
0000,I Want To Know What,Mariah Carey, Year,Duo, Explicit, Date Added, Styles, Languages
0000,If She Knew What She,The Bangles, Year, Duo, Explicit, Date Added, Styles, Languages
0000,It Is No Secret (What God,Christian,Artist, Year, Duo, Explicit, Date Added, Styles, Languages
0000,It'z Just What We Do,Florida Georgia Line,Year, Duo, Explicit, Date Added, Styles, Languages
0000,Just What I Always,Meri Wilson, Year, Duo, Explicit, Date Added, Styles, Languages
0000,Just What I Am (explicit),Kid Cudi feat King Chip,Year, Duo, Explicit, Date Added, Styles, Languages
0000,Just What I Do,Trick Pony,Year, Duo, Explicit, Date Added, Styles, Languages
0000,Just What I Needed,The Cars, Year, Duo, Explicit, Date Added, Styles, Languages
0000,Just What The Doctor,Ted Nugent, Year, Duo, Explicit, Date Added, Styles, Languages
0000,Listen To What The Man,Paul McCartney & Wings,Year, Duo, Explicit, Date Added, Styles, Languages
0000,Maybe That's What It,Alex Parks,Year, Duo, Explicit, Date Added, Styles, Languages
0000,Musical A Star Is Born Ms. What's Her Name,Single Tree,Year, Duo, Explicit, Date Added, Styles, Languages
0000,My Songs Know What,Fall Out Boy,Year, Duo, Explicit, Date Added, Styles, Languages
0000,Nice For What,Drake,Year, Duo, Explicit, Date Added, Styles, Languages
0000,No Matter What,Badfinger,Year, Duo, Explicit, Date Added, Styles, Languages
0000,Now That I Know What I,Ronan & Brian Keating, Ronan & Brian, Year, Duo, Explicit, Date Added, Styles, Languages
0000,"Oh Babe, What Would",Hurricane Smith,Year, Duo, Explicit, Date Added, Styles, Languages
000,On What You're On,Busted,Year, Duo, Explicit, Date Added, Styles, Languages
0000,See What Love Can Do,Eric Clapton, Year, Duo, Explicit, Date Added, Styles, Languages
0000,So What,Tammy Cochran,Year, Duo, Explicit, Date Added, Styles, Languages
0000,So What If I,Damage,Year, Duo, Explicit, Date Added, Styles, Languages
0000,That's What Angels Do,Lila McCann, Year, Duo, Explicit, Date Added, Styles, Languages
0000,That's What Breaking,George Strait, Year, Duo, Explicit, Date Added, Styles, Languages
0000,That's What Brothers Do,Confederate Railroad,Year, Duo, Explicit, Date Added, Styles, Languages
0000,That's What Friends Are,Dionne Warwick &,Year, Duo, Explicit, Date Added, Styles, Languages
0000,This Is What You Came This Is Love,"Harris, Calvin & RihannaWil I Am & Eva Simmons",
0000,To Do What I Do,"Jackson, Alan",
0000,Turn Down For What,DJ Snake & Lil Jon,
0000,UntitledWhatever,,
0000,Watch What Happens,Musical/Newsies,
0000,What A Beautiful Day,"Cagle, Chris",
0000,What A Beautiful Name,Sons Of The DesertHillsong United & Worship,
0000,What A Difference A Day,"Washington, Dinah",
0000,What A Difference,"Milsap, Ronnie",
0000,What A Feeling,"Gaudino, Alex & Kelly",
0000,What A Fool Believes,"Doobie Brothers, The",
0000,What A Friend We Have,Christian,
0000,What A Girl Wants,"Aguilera, Christina",
0000,What A Good Boy,Barenaked Ladies,
0000,What A Man My Man Is,"Anderson, Lynn",
0000,What A Memory,"Lawrence, Tracy",
0000,What A Merry Christmas,"Christmas/Strait, George",
0000,What A Mouth,"Steele, Tommy",
0000,What A Night,Loveable Rogues,
0000,What A Piece Of Work Is,Musical/Hair,
0000,What Can I Do,Secondcity,
0000,What Can I Say,"Scaggs, Boz",
0000,What Child Is This,Christmas,
0000,Sum 41What Coud Have Been,Ginuwine,
0000,"Rimes, LeAnnWhat Could Have Been",Ginuwine,
0000,"Pardi, JonWhat Did Delaware",Standards/Traditional,
0000,"Guetta, David & Emeli What Difference Does it","Smiths, The",
0000,What Do I Know,Ricochet,
0000,What Do Ya Think About,Montgomery Gentry,
0000,What Do You Know,"Yoakam, Dwight",
0000,What Do You Mean,"Bieber, Justin",
0000,What Do You Say,"McEntire, Reba",
0000,What Do You Say To,"Strait, George",
0000,What Do You Take Me,"Lott, Pixie & Pusha T",
0000,What Do You Want,"Faith, Adam",
0000,What Do You Want From,"Yates, Billy",
0000,What Do You Want The,"Scaggs, Boz",
0000,What Do You Want To,"Ford, Emile & Checkmates",
0000,What Does It Take To,"Walker, Junior & The All",
0000,What Doesn\'t Kill You,"Clarkson, Kelly",
0000,What Goes Around,"Timberlake, Justin",
0000,What Happened,"Wilson, Gretchen",
0000,What Happens,Duran Duran,
0000,What Have I Done,"Rimes, LeAnn",
0000,What Have I Done To,"Pet Shop Boys, The",
0000,What If I\'m Right,"Thom, Sandi",
0000,What If It All Goes Right,"Lawson, Melissa",
0000,"Tams, TheWhat If It\'s Me","Day, Jennifer",
0000,What If It\'s You,"McEntire, Reba",
0000,What If Jesus Comes,"Raye, Collin",
0000,What If She\'s An Angel,"Steiner, Tommy Shane",
0000,What Ifs,"Brown, Kane",
0000,What Ifs (instrumental),"Brown, Kane",
0000,What I\'m For,"Green, Pat",
0000,What In The World,"Supernaw, Doug",
0000,What In The World\'s,"Scott, Jack",
0000,What Is & What Should,Led Zeppelin,
0000,What Is Hip,Tower Of Power,
0000,What Is It,Baby Bash & Sean,
0000,What Is Life,"Harrison, George",
0000,What Is Life Without,"Arnold, Eddy",
0000,What Is Love,Haddaway,
0000,What Is This Feeling,"Chenowith, Kristin",
0000,What It Ain\'t,"Turner, Josh",
0000,What It Feels Like For A,Madonna,
0000,What It Is To Burn,Finch,
0000,What It Takes,"Gregory, Adam",
0000,What It's Like,Everlast,
0000,What I've Been Looking,Musical/High School,
0000,What I\'ve Been Waiting,"McKnight, Brian",
0000,What I\'ve Done,"Brooks, GarthLinkin Park",
0000,What I\'ve Got In Mind,"Gill, VinceSpears, Billie Jo",
0000,What Kind Of Fool,"Raye, CollinDuets/Streisand, Barbra &",
0000,What Kind Of Fool Am I,"Cartwright, Lionel",
0000,What They\'re Talkin\',"Akins, Rhett",
0000,What This Country,"Tippin, Aaron",
0000,What Took You So Long,"Bunton, Emma",
0000,What U See (Is What U,"Spears, Britney",
0000,What Was I Thinkin\',"Bentley, Dierks",
0000,What We Ain\'t Got,"Owen, Jake",
0000,What We're All About,Sum 41,
0000,What We\'re Gonna Do,"Steiner, Tommy Shane",
0000,What Were You Thinkin',Little Texas,
0000,What Whiskey Does,"Houser, Randy",
0000,My PartWhat Whiskey Does,"Houser, Randy",
0000,I Go)What Will My Mary Say,"Mathis, Johnny",
0000,Whatever It IsWhat Will You Do With,"Brown, Zac, BandWestern Flyer",
0000,What Would Happen,"Brooks, Meredith",
0000,What Would I Be,"Doonican, Val",
0000,What Would You Do,City High,
0000,What Would You Say,"Matthews, Dave, Band",
0000,Whatever Lola WantsWhat Ya Gonna Do,Hinder,
0000,What You Are,Audioslave,
0000,What You Do,"Michele, Chrisette &",
0000,What You Give,Tesla,
0000,What You Gonna Do,"Hayes, Hunter",
0000,What You Got,Abs,
0000,What You Got (Oh No),"Timberlake, Justin",
0000,What You Know,T.I.,
0000,What You Need,INXS,
0000,What You Own,Musical/Rent,
0000,What You Think About,"Gearing, Ashley",
0000,What You Waiting For,"Saturdays, The",
0000,What You Won\'t Do For,"Caldwell, Bobby",
0000,What You\'re Made Of,"Silvas, Lucie",
0000,Whataya Want From Me,"Lambert, Adam",
0000,Whatcha Gonna Do,Cowboy Mouth,
0000,What\'s Forever For,"Murphey, Michael Martin",
0000,What\'s Goin\' On,"Gaye, Marvin",
0000,What\'s Going On In Your,"Strait, George",
0000,What\'s Happened To,"Colter, Jessi",
0000,What\'s He Doing In My,"Arnold, Eddy",
0000,What\'s In It For Me,"Berry, John",
0000,What\'s It Gonna Be,"McKnight, Brian",
0000,What's It Like,Santana,
0000,What\'s Left Of Me,"Lachey, Nick",
0000,What's Left of the Flag,Flogging Molly,
0000,What\'s Love Got To Do,"Turner, Tina",
0000,What's Luv,Fat Joe & Ashanti,
0000,Whats Mine is Yours,"Brown, Kane",
0000,Whats Mine Is Yours,"Brown, Kane",
0000,What's My Age Again,Blink 182,
0000,What's My Name,Rihanna & Drake,
0000,What\'s New,"Ronstadt, Linda",
0000,What\'s New Pussycat,"Jones, Tom",
0000,What's Not To Love,Dwele,
0000,What's On Your Mind,Information Society,
0000,What\'s She Really Like,"Presley, Elvis",
0000,What's Simple Is True,Jewel,
0000,What's The Colour Of,Hollywood Beyond,
0000,"What\'s The Frequency,",R.E.M.,
0000,What\'s The Matter With,"Church, Claudia",
0000,What\'s The Use Of,"Butler, Jerry",
0000,What's This,Musical Nightmare Before,
0000,What's This Life For,Creed,
0000,What's Up,4 Non Blondes,
0000,What's Wrong,PVRIS,
0000,What\'s Your Flava,"David, Craig",
0000,What\'s Your Mama\'s,"Tucker, Tanya",
0000,What's Your Name,Lynyrd Skynyrd,
0000,When I Lost You,"Whatmore, Sarah",
0000,(That's What You Do),,
0000,Without You What Do I,"Tucker, Tanya",
0000,You Get What You Give,New Radicals,
0000,Baby That's What Love Teresa,,
0000,Baby What A Big Chicago,,
0000,"Baby You\'ve Got What It Duets/Benton, Brook &",,
0000,"Daydream (What A Day Lovin\' Spoonful, The",,
0000,"December \'63 (Oh What Four Seasons, The",,
0000,Do What U Want Lady Gaga,,
0000,"Do What Ya Gotta Do Adams, Bryan",,
0000,Down For Whatever,"Rowland, Kelly",
0000,D'You Know What I Mean,Oasis,
0000,"Find Out What\'s Presley, Elvis",,
0000,Flashdance (What A,"Cara, Irene",
0000,Moments & What Nauts,,
0000,"Girl\'s Gotta Do, A (What McCready, Mindy",,
0000,"Have We Forgotten What Bernard, Crystal",,
0000,"Heart Wants What It Gomez, Selena & The",,
0000,Hey Hey What Can I Do Led Zeppelin,,
0000,Hold On To What You Mumford & Sons,,
0000,Honky Tonkin\'s What I,"Duets/Stuart, Marty &",
0000,"I Am What I Am Gaynor, Gloria",,
0000,"I Just Don\'t Know What Springfield, Dusty",,
0000,What I Am,,
0000,"If You Know What I Mean Diamond, Neil",,
0000,It Ain't What You Do It's,Fun Boy Three &,
0000,It's What I Do,,
0000,Know What You Mean Sister 7,,
0000,"Life\'s What You Make It Montana, Hannah",,
0000,"Look What Followed Me Ball, David",,
0000,Look What I Found,,
0000,Look What The Cat Poison,,
0000,Look What They've Done Melanie,,
0000,"Look What You Made Me Swift, Taylor",,
0000,"Look What You Made Me Swift, Taylor",,
0000,Look What You've Done Jet,,
0000,"Look What You\'ve Done Green, Al",,
0000,Money (That's What I,,
0000,What To Do,,
0000,O What A Thrill,"Mavericks, The",
0000,Oh What A Beautiful,Musical/Oklahoma,
0000,Oh What A Night,"Dells, The",
0000,Oh What It Did To Me,"Tucker, Tanya",
0000,Over The Rainbow/What,,
0000,Me Get What I Want,,
0000,Powerless (Say What,,
0000,"Practice What You White, Barry",,
0000,Say What You Want,Texas,
0000,Show Me What I Am Carolina Liar,,
0000,Show Me What I'm Carolina Liar,,
0000,Whatever You've Got),,
0000,Don't Know What,,
0000,(Careful What You're,,
0000,"Stronger (What Doesn\'t Clarkson, Kelly",,
0000,Tell Me (What's Goin' On),,
0000,"Tell Me What He Said Shapiro, Helen",,
0000,"Tell Me What We\'re Stone, Joss",,
0000,"Tell Me What You See Beatles, The",,
0000,"Tell Me What You Think Nicole, Erica",,
0000,That\'s What Happens,"Tippin, Aaron",
0000,That's What I Get For,Diamond Rio,
0000,That's What I Go To,Busted,
0000,That\'s What I Like,"Mars, Bruno",
0000,That\'s What I Like About,"Montgomery, John Michael",
0000,That\'s What I Love About,"Morgan, Craig",
0000,That's What It's All About,Brooks & Dunn,
0000,That's What It's Made For,Usher,
0000,That\'s What Love Will Do,"Brown, Joe & The",
0000,That's What She Gets,Brooks & Dunn,
0000,That's What You Get,Paramore,
0000,"Then What Walker, Clay",,
0000,"This Is What It Feels Like Van Buuren, Armin &",,
0000,"This Is What Makes Us Del Rey, Lana",,
0000,This is What You Came Rihanna & David Guetta,,
0000,"Unwashed & Somewhat Bowie, David",,
0000,"What A Shame Howard, Rebecca Lynn",,
0000,"What A Waste Dury, Ian & The",,
0000,"What A Woman Knows Tyler, Kris",,
0000,"What A Woman Wants Burton, Julia",,
0000,"What A Wonderful Life Presley, Elvis",,
0000,"What A Wonderful World Armstrong, Louis",,
0000,What About Everything Carbon Leaf,,
0000,What About Love Heart,,
0000,What About Me,,
0000,What About Now,,
0000,What About Us Brandy,,
0000,What About You,,
0000,What About Your Friends TLC,,
0000,What Am I Fighting For Unklejam,,
0000,"What Am I Gonna Do Stewart, Rod",,
0000,"What Am I Gonna Do McEntire, Reba",,
0000,"What Am I To You Jones, Norah",,
0000,"What Am I Waiting For Newfield, Heidi",,
0000,"What Are We Doin\' In Duets/Rogers, Kenny &",,
0000,"What Are You Doing New Christmas/Connick, Harry",,
0000,"What Are You Waiting Saturdays, The",,
0000,What Became Of The Libertines,,
0000,"What Becomes Of The Ruffin, Jimmy",,
0000,"What Can I Do Corrs, The",,
0000,"What Have You Done For Jackson, Janet",,
0000,What Hurts The Most Cascada,,
0000,"What I Am Brickell, Edie & The New",,
0000,What I Believe,,
0000,What I Cannot Change,,
0000,What I Can't Put Down,,
0000,What I Did For Love,,
0000,What I Did Right,,
0000,What I Didn't Do,,
0000,"What I Do Brown, Chris & Plies",,
0000,What I Got Sublime,,
0000,What I Like About You Lillix,,
0000,"What I Live For VanHoy, Christine",,
0000,"What I Meant To Say Hayes, Wade",,
0000,"What I Might Do Pearce, Ben",,
0000,What I Need Ray J,,
0000,"What I Need To Do Chesney, Kenny",,
0000,"What I Really Meant To Thomson, Cyndi",,
0000,"What I Said Jones, Coco",,
0000,"What I\'d Say Conley, Earl Thomas",,
0000,What If Creed,,
0000,What If Eminem Did,,
0000,"What If I Trainor, Meghan",,
0000,What If I Do,,
0000,What If I Said,,
0000,"What If I\'m Right Stockton, Shane",,
0000,"What Kind Of Fool Do Parnell, Lee Roy",,
0000,"What Kind Of Love Crowell, Rodney",,
0000,What Kind Of Love Are Aerosmith,,
0000,What Kind of Man Florence and the Machine,,
0000,What Kind Of Man Florence & The Machine,,
0000,"What Kind Of Woman Cochran, Tammy",,
0000,"What Kinda Gone Cagle, Chris",,
0000,"What Made Milwaukee Lewis, Jerry Lee",,
0000,"What Made You Say That Twain, Shania",,
0000,"What Makes A Good Man Heavy, The",,
0000,What Makes A Man Westlife,,
0000,What Makes You One Direction,,
0000,What Makes You,,
0000,"What Makes You Bryan, Luke",,
0000,What Mattered Most,Ty Herndon, Year, Duo, Explicit, Date Added, Styles, Languages
0000,What Might Have Been, Little Texas, Year, Duo, Explicit, Date Added, Styles, Languages
0000,"What More Do You Want", Rhonda Vincent, Year, Duo, Explicit, Date Added, Styles, Languages
0000,"What My Heart Wants To",Gareth Gates, Year, Duo, Explicit, Date Added, Styles, Languages
0000,What Now, Rihanna, Year, Duo, Explicit, Date Added, Styles, Languages
0000,"What Now My Love", Shirley Bassey, Year, Duo, Explicit, Date Added, Styles, Languages
0000,"What Part Of No",Lorrie Morgan, Year, Duo, Explicit, Date Added, Styles, Languages
0000,What Planet You On, Bodyrox & Luciana,Year, Duo, Explicit, Date Added, Styles, Languages
0000,What She Is,Artist, Year, Duo, Explicit, Date Added, Styles, Languages
0000,What She's Doing Now,Artist, Year, Duo, Explicit, Date Added, Styles, Languages
0000,What The Cowgirls Do,Artist, Year, Duo, Explicit, Date Added, Styles, Languages
0000,What The Heart Wants,Artist, Year, Duo, Explicit, Date Added, Styles, Languages
0000,"What The Hell", Avril Lavigne,Year, Duo, Explicit, Date Added, Styles, Languages
0000,"What The Hell Happened",Adam Sandler, Year, Duo, Explicit, Date Added, Styles, Languages
0000,What The Water Gave Me, Florence & The Machine,Year, Duo, Explicit, Date Added, Styles, Languages
0000,What The World Needs,Wynonna,Year, Duo, Explicit, Date Added, Styles, Languages
0000,What The World Needs, Jackie DeShannon,Year, Duo, Explicit, Date Added, Styles, Languages
0000,"Whatcha See Is Whatcha",The Dramatics,Year, Duo, Explicit, Date Added, Styles, Languages
0000,Whatcha Think About, Pussycat Dolls & Missy Eliott,Year, Duo, Explicit, Date Added, Styles, Languages
0000,Whatchulookinat,Whitney Houston,Year, Duo, Explicit, Date Added, Styles, Languages
0000,"What'd I Say",Ray Charles, Year, Duo, Explicit, Date Added, Styles, Languages
0000,Whatever, En Vogue, Year, Duo, Explicit, Date Added, Styles, Languages
0000,Whatever Comes First, Oasis, Year, Duo, Explicit, Date Added, Styles, Languages
0000,"Whatever Gets You", John Lennon, Year, Duo, Explicit, Date Added, Styles, Languages
0000,Whatever Happened To Musical, Spamalot, Year, Duo, Explicit, Date Added, Styles, Languages
0000,"Whatever I Do (Wherever)", Hazell Dean,Year, Duo, Explicit, Date Added, Styles, Languages
0000,Whatever It Takes, Anita Baker,Year, Duo, Explicit, Date Added, Styles, Languages
0000,Whatever She's Got,Artist, Year, Duo, Explicit, Date Added, Styles, Languages
0000,"Whatever U Want", Christina & Joe Milian, Year, Duo, Explicit, Date Added, Styles, Languages
0000,Whatever We Imagine,Artist, Year, Duo, Explicit, Date Added, Styles, Languages
0000,"Whatever You Do, Don't",Artist, Year, Duo, Explicit, Date Added, Styles, Languages
0000,Whatever You Like,Artist, Year, Duo, Explicit, Date Added, Styles, Languages
0000,Whatever You Need,Artist, Year, Duo, Explicit, Date Added, Styles, Languages
0000,Whatever You Say,Artist, Year, Duo, Explicit, Date Added, Styles, Languages
0000,Whatever You Want,Artist, Year, Duo, Explicit, Date Added, Styles, Languages
0000,Whatever You Want, Pink,Year, Duo, Explicit, Date Added, Styles, Languages
0000,What'll I Do ,Standards/Traditional, Year, Duo, Explicit, Date Added, Styles, Languages
0000,What'll You Do About Me,Artist, Year, Duo, Explicit, Date Added, Styles, Languages
0000,"What's A Guy Got To Do", Joe Nichols, Year, Duo, Explicit, Date Added, Styles, Languages
0000,"What's A Memory Like",John Schneider, Year, Duo, Explicit, Date Added, Styles, Languages
0000,What's Come Over You,Artist, Year, Duo, Explicit, Date Added, Styles, Languages
0000,What's Coming Is Better, Deon Kipping, Year, Duo, Explicit, Date Added, Styles, Languages
0000,Whatta Man,Salt 'N Pepa & En Vogue,Year, Duo, Explicit, Date Added, Styles, Languages
0000,Whatzupwitu, Eddie Murphy, Year, Duo, Explicit, Date Added, Styles, Languages
0000,What You Want,Artist, Year, Duo, Explicit, Date Added, Styles, Languages
0000,You Don't Know What ,Standards/Traditional,Year, Duo, Explicit, Date Added, Styles, Languages
0000,You know what happens,My Chemical Romance,Year, Duo, Explicit, Date Added, Styles, Languages
0000,You Know What It Is,T.I. & Wyclef,Year, Duo, Explicit, Date Added, Styles, Languages
0000,"You Know What's Up",Donell Jones,Year, Duo, Explicit, Date Added, Styles, Languages
0000,"You Wanna What", Alecia Elliott, Year, Duo, Explicit, Date Added, Styles, Languages
